Symbol,YTD_Return_Pct
ENPH,14.4
EMN,17.86
DPZ,-18.71
DVA,51.79
DRI,21.14
ZTS,-37.3
ZBH,12.78
ZBRA,48.41
YUM,2.63
XYL,-16.67
XEL,3.7
WYNN,-17.59
WTW,5.55
WMB,17.54
WY,4.42
WDC,144.95
WST,28.04
WELL,29.35
WFC,-10.48
WEC,2.15
WAT,7.52
WM,3.45
WBD,0.14
WMT,-7.45
WAB,38.06
GWW,31.49
WRB,-0.08
VMC,-5.13
VST,-17.34
V,7.73
VICI,-2.69
VTRS,34.07
VRTX,21.22
VZ,28.17
VRSK,-14.72
VRSN,18.25
VLTO,0.57
VTR,21.82
VLO,114.16
UHS,-19.19
UNH,17.54
URI,30.78
UPS,5.77
UAL,0.14
UNP,34.22
ULTA,-15.9
UDR,6.25
UBER,-4.9
USB,17.24
TSN,2.43
TYL,-19.53
TFC,4.5
TRMB,-23.08
TDG,-11.64
TT,14.46
TSCO,-30.31
TJX,-8.07
TMO,6.42
DIS,-2.9
TRV,28.49
SO,4.53
SHW,6.47
MOS,-0.62
KR,-6.45
KHC,8.57
SJM,32.62
HSY,4.5
HIG,0.16
EL,-3.84
COO,-6.03
CI,0.55
SCHW,11.66
ALL,25.83
TXT,-4.67
TXN,51.42
TSLA,-17.17
TER,81.17
TFX,14.33
TDY,22.63
TEL,-11.79
TGT,69.13
TRGP,62.51
TPR,1.41
TTWO,-4.76
TMUS,-7.35
TROW,9.46
SYY,17.45
SNPS,-17.18
SYF,-4.95
SMCI,20.28
SYK,-4.87
STE,-4.32
STLD,30.59
STT,46.68
SBUX,29.84
SWK,33.66
LUV,-1.38
SOLV,13.35
SNA,14.28
SWKS,6.42
SPG,21.34
NOW,-12.87
SRE,-6.29
STX,196.34
SLB,35.5
SBAC,-3.25
CRM,-17.11
SPGI,-10.66
RTX,13.32
RCL,4.17
ROST,31.34
ROP,-4.76
ROL,-36.74
ROK,10.73
RHI,71.6
RVTY,27.36
RMD,-4.65
RSG,5.59
RF,12.47
REGN,7.85
REG,14.08
O,12.58
RJF,7.87
RL,3.31
DGX,42.46
PWR,45.46
QCOM,-6.13
QRVO,10.77
PHM,8.8
PSA,27.22
PEG,-8.84
PTC,-9.07
PRU,9.31
PLD,11.57
PGR,3.47
PG,4.31
PFG,25.96
PPL,-0.55
PPG,10.92
POOL,-16.52
PNC,17.68
PNW,13.56
PSX,89.9
PM,19.45
PCG,8.8
PFE,17.23
PEP,2.85
PNR,-38.33
PYPL,6.54
PAYC,51.13
PAYX,18.53
PH,12.52
PARA,-94.63
PANW,99.51
PKG,21.24
PCAR,18.44
OTIS,-17.71
ORCL,-24.44
OKE,30.33
ON,30.88
OMC,9.89
ODFL,30.05
OXY,46.0
ORLY,-1.36
NXPI,2.81
NVR,-12.64
NVDA,13.84
NUE,44.66
NRG,-31.26
NCLH,-24.32
NOC,-5.2
NTRS,33.39
NSC,23.41
NDSN,38.66
NI,-1.73
NKE,-34.58
NEE,4.83
NWS,16.48
NWSA,16.48
NEM,30.56
NFLX,-12.53
NTAP,82.06
NDAQ,2.3
MSCI,0.8
MSI,26.81
MS,19.7
MCO,1.54
MNST,-37.25
MPWR,41.08
MDLZ,22.19
TAP,-7.38
MOH,12.23
MHK,24.39
MRNA,370.29
MAA,-2.26
MSFT,2.83
MU,206.68
MCHP,18.27
MGM,19.87
MTD,-1.14
MET,19.94
META,-15.3
MRK,45.41
MDT,-1.13
MCK,4.51
MCD,-9.55
MKC,-16.16
MTCH,31.03
MA,3.61
MAS,14.71
MLM,-15.46
MAR,14.39
MKTX,-7.86
MPC,120.97
MTB,19.44
LYB,55.59
LULU,-42.57
LOW,-11.11
L,5.12
LMT,14.72
LKQ,-11.3
LYV,25.13
LIN,14.37
LEN,-15.18
LDOS,-22.47
LVS,-26.62
LW,30.08
LRCX,70.0
LH,34.35
LHX,-11.74
KLAC,44.9
KMI,14.99
KIM,22.41
KMB,10.63
KEYS,53.02
KEY,6.32
KDP,17.39
KVUE,13.91
JPM,9.55
JCI,17.64
JNJ,31.78
JBHT,40.76
J,11.79
JBL,30.39
IRM,48.79
IQV,15.29
INVH,11.07
IVZ,21.56
ISRG,-32.59
INTU,-41.15
IP,6.87
IFF,25.28
IBM,-17.5
ICE,1.49
INTC,128.72
PODD,-47.63
IR,1.01
INCY,26.02
ILMN,63.3
ITW,14.55
IDXX,-16.87
IEX,32.28
HII,-14.1
HBAN,-0.69
HUM,44.32
HUBB,2.09
HPQ,38.15
HWM,28.52
HST,34.12
HRL,6.13
HON,6.52
HD,-1.57
HLT,11.64
HPE,123.22
HSIC,15.2
JKHY,-6.05
DOC,37.99
HCA,-8.44
HAS,15.31
HAL,20.48
GS,14.77
GL,24.36
GPN,24.66
GILD,21.64
GPC,10.21
GM,9.08
GIS,-8.29
GE,8.9
GD,13.38
GNRC,45.98
GEN,12.65
GEV,41.07
GEHC,-9.53
IT,-17.35
GRMN,46.85
FCX,48.68
BEN,47.73
FOX,-6.95
FOXA,-6.62
FTV,8.69
FTNT,97.11
F,11.76
FMC,-22.25
FE,4.6
FSLR,-21.89
FITB,16.76
FIS,-35.73
FDX,38.7
FRT,20.25
FAST,28.84
FICO,-28.64
FDS,6.33
FFIV,49.88
XOM,37.32
EXR,14.63
EXPD,24.31
EXPE,14.16
EXC,1.48
ES,5.49
EVRG,13.54
EG,11.99
ETSY,41.46
ESS,14.72
EQR,4.95
EQIX,41.56
EFX,-9.45
EQT,1.37
EPAM,-44.96
EOG,46.23
ETR,13.48
EMR,17.1
LLY,16.76
ELV,14.23
EA,0.38
EW,5.23
EIX,22.1
ECL,7.81
EBAY,20.34
ETN,29.15
DD,13.72
DUK,4.72
DTE,5.37
DOW,36.24
DOV,3.64
D,14.76
DLTR,2.96
DG,-8.52
DLR,24.62
FANG,40.68
DXCM,38.77
DVN,31.26
DAL,20.27
DE,39.47
DECK,-14.15
DHR,-4.61
DHI,2.71
CVS,18.8
CMI,13.73
CSX,43.14
CCI,-12.8
COST,11.4
CSGP,-50.89
CTVA,21.26
CPAY,38.77
GLW,65.82
CPRT,-10.51
CEG,-25.16
STZ,-1.87
ED,8.98
COP,42.55
CAG,0.42
CMCSA,0.61
CL,19.37
CTSH,-22.5
KO,33.56
CMS,-0.77
CME,4.94
CLX,9.58
CFG,20.08
C,12.58
CSCO,47.37
CTAS,11.07
CINF,5.4
CHD,20.68
CB,10.64
CMG,-1.57
CVX,35.34
CHTR,-28.24
CRL,45.83
CF,64.11
CNP,1.81
CNC,55.62
COR,-5.59
CE,11.2
CDW,4.21
CBRE,-5.05
CBOE,21.77
CAT,39.2
CARR,14.1
CCL,-15.45
KMX,58.13
CAH,12.08
COF,-11.08
CPB,-9.2
CPT,-0.37
CZR,26.32
CDNS,2.78
CHRW,-12.9
BG,24.32
BLDR,-32.9
BRO,-5.34
BR,-16.35
AVGO,6.38
BMY,28.07
BSX,-46.82
BXP,2.21
BWA,46.1
BKNG,-1.08
BA,-5.96
BX,-6.87
BLK,7.79
BIIB,21.91
TECH,21.63
BIO,24.49
BBY,27.72
BRK-B,-0.21
BDX,26.97
BAX,35.21
BBWI,-3.39
BAC,11.46
BALL,19.99
BKR,33.68
AXON,11.41
AVY,1.84
AVB,4.08
AZO,-10.47
ADP,12.81
ADSK,-11.47
ATO,-0.37
T,6.68
AIZ,20.38
AJG,3.71
ANET,41.21
ADM,38.79
ACGL,5.89
APTV,-38.45
AMAT,83.76
AAPL,14.46
APA,75.1
AON,3.66
ADI,37.09
APH,12.77
AMGN,36.83
AME,14.89
AMP,13.62
AWK,6.04
AMT,2.55
AIG,-8.53
AXP,-9.32
AEP,6.83
AAL,-10.72
AEE,6.69
AMCR,19.02
AMZN,14.19
MO,19.01
GOOG,8.52
GOOGL,9.56
LNT,5.88
ALLE,1.67
ALGN,4.18
ARE,12.41
ALB,0.03
AKAM,29.75
ABNB,40.82
APD,23.34
A,15.95
AFL,6.93
AES,3.31
AMD,111.77
ADBE,-17.4
ACN,-27.26
ABBV,18.28
ABT,-4.33
AOS,-6.12
MMM,11.66
